titulo,ID
"Standard Review Article A Rational Use of Clozapine Based on Adverse Drug Reactions, Pharmacokinetics, and Clinical Pharmacopsychology Introduction of Clinical Pharmacopsychology in the Rational Use of Clozapine in TRS",2a2b63068f960e3d9d4b867891d746df2594e9da
"-NC-ND license Repurposing potential of Ayurvedic medicinal plants derived active principles against SARS-CoV-2 associated target proteins revealed by molecular docking, molecular dynamics and MM-PBSA studies",2cf625911229fc1fe0cb05b7e2b0dce274271728
"-NC-ND license Repurposing potential of Ayurvedic medicinal plants derived active principles against SARS-CoV-2 associated target proteins revealed by molecular docking, molecular dynamics and MM-PBSA studies",2cf625911229fc1fe0cb05b7e2b0dce274271728
Population Pharmacokinetics and Bayesian Dose Adjustment to Advance TDM of Anti-TB Drugs,2084d47739be66b9f6c6f3de2a11f99b90ae9373
"Applications, phytochemistry, pharmacological effects, pharmacokinetics, toxicity of Scutellaria baicalensis Georgi. and its probably potential therapeutic effects on COVID-19: a review",002f32c1ed13a1f56a64eb286dd243d4c7a1e4fd
"Journal Pre-proof Repurposing potential of Ayurvedic medicinal plants derived active principles against SARS-CoV- 2 associated target proteins revealed by molecular docking, molecular dynamics and MM-PBSA studiesRepurposing potential of Ayurvedic medicinal plants against SARS-CoV-2",25593b5bd93f17638aed3555dbbcae764fd150be
"Journal Pre-proof Repurposing potential of Ayurvedic medicinal plants derived active principles against SARS-CoV- 2 associated target proteins revealed by molecular docking, molecular dynamics and MM-PBSA studiesRepurposing potential of Ayurvedic medicinal plants against SARS-CoV-2",25593b5bd93f17638aed3555dbbcae764fd150be
"Determination of potential inhibitors based on isatin derivatives against SARS-CoV-2 main protease (m pro ): a molecular docking, molecular dynamics and structure-activity relationship studies",1b182e2945dab1c005bdd0b6f1bf741e7c100aca
"Determination of potential inhibitors based on isatin derivatives against SARS-CoV-2 main protease (m pro ): a molecular docking, molecular dynamics and structure-activity relationship studies",1b182e2945dab1c005bdd0b6f1bf741e7c100aca
Identification of potential inhibitors of SARS-CoV-2 main protease and spike receptor from 10 important spices through structure-based virtual screening and molecular dynamic study,1e7e96d4559323dba5681d501ee6f17e580ea88b
Using Pharmacogenetics of Direct Oral Anticoagulants to Predict Changes in Their Pharmacokinetics and the Risk of Adverse Drug Reactions,0f1da2c8b54fe8c232cca162dfd31f39f6dcddd0
marine drugs Review Recent Advances in Molecular Docking for the Research and Discovery of Potential Marine Drugs,1275446b4e2d10a965f772eaf110f436dbdc4904
"molecules Investigation of Antifungal Properties of Synthetic Dimethyl-4- Bromo-1-(Substituted Benzoyl) Pyrrolo[1,2-a] Quinoline-2,3- Dicarboxylates Analogues: Molecular Docking Studies and Conceptual DFT-Based Chemical Reactivity Descriptors and Pharmacokinetics Evaluation",0c2aa9dcf50bd76c76549ff9ef50e879971b09f4
"molecules Investigation of Antifungal Properties of Synthetic Dimethyl-4- Bromo-1-(Substituted Benzoyl) Pyrrolo[1,2-a] Quinoline-2,3- Dicarboxylates Analogues: Molecular Docking Studies and Conceptual DFT-Based Chemical Reactivity Descriptors and Pharmacokinetics Evaluation",0c2aa9dcf50bd76c76549ff9ef50e879971b09f4
"Identification of 1,2,3-triazole-phthalimide derivatives as potential drugs against COVID-19: a virtual screening, docking and molecular dynamic study",2c2c30372b8f46ba1c3d2e78408296ba2586de11
51 Recent Developments in 3D QSAR and Molecular Docking Studies of Organic and Nanostructures,2880b6e1923af924f54acd2965a17202ac09ffec
Pinpointing the potential hits for hindering interaction of SARS-CoV-2 S-protein with ACE2 from the pool of antiviral phytochemicals utilizing molecular docking and molecular dynamics (MD) simulations,255ee056c9d8183b35acac3e639faf4482d358e2
Pinpointing the potential hits for hindering interaction of SARS-CoV-2 S-protein with ACE2 from the pool of antiviral phytochemicals utilizing molecular docking and molecular dynamics (MD) simulations,255ee056c9d8183b35acac3e639faf4482d358e2
"QSAR, molecular docking and ADMET properties in silico studies of novel 4,5,6,7-tetrahydrobenzo[D]-thiazol-2-Yl derivatives derived from dimedone as potent anti-tumor agents through inhibition of C-Met receptor tyrosine kinase",1c780a04c96ee1af1892cc6ae8179fe33cc2d03c
"QSAR, molecular docking and ADMET properties in silico studies of novel 4,5,6,7-tetrahydrobenzo[D]-thiazol-2-Yl derivatives derived from dimedone as potent anti-tumor agents through inhibition of C-Met receptor tyrosine kinase",1c780a04c96ee1af1892cc6ae8179fe33cc2d03c
Journal Pre-proof Main Protease Inhibitors and Drug Surface Hotspots for the Treatment of COVID-19: A Drug Repurposing and Molecular Docking ApproachMain Protease Inhibitors for the Treatment of COVID-19 Main Protease Inhibitors and Drug Surface Hotspots for the Treatment of COVID-19: A Drug Repurposing and Molecular Docking Approach,185d0f07b384b8f081e78fd4e82898d7f61b8f2f
Evaluation of flavonoids as 2019-nCoV cell entry inhibitor through molecular docking and pharmacological analysis,11aa92f60a2bbea69e39864a5acc341123fd28ee
The Answer Lies in the Energy: How Simple Atomistic Molecular Dynamics Simulations May Hold the Key to Epitope Prediction on the Fully Glycosylated SARS-CoV-2 Spike Protein,2d3b907ebdd8f2fc912c416a78459792597f85af
"Pharmacokinetics and Efficacy of a Potential Smallpox Therapeutic, Brincidofovir, in a Lethal Monkeypox Virus Animal Model",2f5ca188b3f26e9dd640b867b70d61295de27a67
"Identification of natural inhibitors against prime targets of SARS-CoV-2 using molecular docking, molecular dynamics simulation and MM-PBSA approaches",32266a735f490b0b18857ba3cda4442ad4f03bea
"Identification of natural inhibitors against prime targets of SARS-CoV-2 using molecular docking, molecular dynamics simulation and MM-PBSA approaches",32266a735f490b0b18857ba3cda4442ad4f03bea
Tinker-HP : Accelerating Molecular Dynamics Simulations of Large Complex Systems with Advanced Point Dipole Polarizable Force Fields using GPUs and Multi-GPUs systems,0be3692bd096e71bbf8d62e4afdb364e02b8f065
"Novel 2-Hydroselenonicotinonitriles and Selenopheno[2, 3-b]pyridines: Efficient Synthesis, Molecular Docking-DFT Modeling, and Antimicrobial Assessment",23a49e2d056bb4a82e76d7689f391638e49547e7
"Rethinking Remdesivir: Synthesis, Antiviral Activity and Pharmacokinetics of Oral Lipid Prodrugs",28a7b846e69b40194dd58c7bec68fcedba45928a
Journal Pre-proof Investigation of nonsynonymous mutations in the Spike protein of SARS-CoV-2 and its interaction with the ACE2 receptor by molecular docking and MM/GBSA approach Investigation of nonsynonymous mutations in the Spike protein of SARS-CoV-2 and its interaction with the ACE2 receptor by molecular docking and MM/GBSA approach,19d3fdf4db7a099282d6b76631fde582b31ac38f
Interactive Molecular Dynamics in Virtual Reality Is an Effective Tool for Flexible Substrate and Inhibitor Docking to the SARS-CoV-2 Main Protease,0d2885556741f704ecb9f07637dd4d50b98d4dbb
"Pharmacokinetics/Pharmacodynamics of Antiviral Agents Used to Treat SARS-CoV-2 and Their Potential Interaction with Drugs and Other Supportive Measures: A Comprehensive Review by the PK/PD of Anti-Infectives Study Group of the European Society of Antimicrobial Agents · the PK/PD of Anti-Infectives Study Group (EPASG) of the European Society of Clinical Microbiology, Infectious Diseases (ESCMID) Key Points",1ae81b9644b11b1a871428c67d91bb67a592b5a5
Targeting SARS-CoV-2 nucleocapsid oligomerization: Insights from molecular docking and molecular dynamics simulations,2111585591701202aa90ee5607f40230385b456e
Targeting SARS-CoV-2 nucleocapsid oligomerization: Insights from molecular docking and molecular dynamics simulations,2111585591701202aa90ee5607f40230385b456e
molecules Putative SARS-CoV-2 M pro Inhibitors from an In-House Library of Natural and Nature-Inspired Products: A Virtual Screening and Molecular Docking Study,227e2bcfc22ceeeaca942d8746dd1144638fbbc5
Repurposing of the herbal formulations: molecular docking and molecular dynamics simulation studies to validate the efficacy of phytocompounds against SARS-CoV-2 proteins,0b774722fdfb7b40f5ea05dbf84b91eee3989c7a
Repurposing of the herbal formulations: molecular docking and molecular dynamics simulation studies to validate the efficacy of phytocompounds against SARS-CoV-2 proteins,0b774722fdfb7b40f5ea05dbf84b91eee3989c7a
Impact of dimerization and N3 binding on molecular dynamics of SARS-CoV and SARS-CoV-2 main proteases,1a721e177ec025c9c740db548822366c30c31aa0
"Combination of QSAR, molecular docking, molecular dynamic simulation and MM-PBSA: analogues of lopinavir and favipiravir as potential drug candidates against COVID-19",2657e3497b5f7e16aac59df5a027b07a092d8ccc
"Combination of QSAR, molecular docking, molecular dynamic simulation and MM-PBSA: analogues of lopinavir and favipiravir as potential drug candidates against COVID-19",2657e3497b5f7e16aac59df5a027b07a092d8ccc
"Molecular dynamics simulations of human tRNAUUULys,3: the role of modified bases in mRNA recognition",PMC1636460
"Safety, Pharmacokinetics, and Activity of High-Dose Ivermectin and Chloroquine against the Liver Stage of Plasmodium cynomolgi Infection in Rhesus Macaques",2c7e044251099b4d69caa593069f06fca4048b6d
molecules Immunoproteasome and Non-Covalent Inhibition: Exploration by Advanced Molecular Dynamics and Docking Methods,02eb931ab37c5453e4064334ea584ac40a749606
Journal Pre-proofs Identification of natural compounds as potent inhibitors of SARS-CoV-2 main protease using combined docking and molecular dynamics simulations,00e6e6a9305898ed92c5e9db62b45bc9a8ac7b8c
"Molecular docking, molecular dynamics simulations and reactivity, studies on approved drugs library targeting ACE2 and SARS-CoV-2 binding with ACE2",037146702bb01cfd0467156df6a5e1b8c05d6d9a
"Molecular docking, molecular dynamics simulations and reactivity, studies on approved drugs library targeting ACE2 and SARS-CoV-2 binding with ACE2",037146702bb01cfd0467156df6a5e1b8c05d6d9a
Ligand Pose and Orientational Sampling in Molecular Docking,274eab479084dcb79951d6fdde012c9eab9bb469
Investigation on penetration of saffron components through lipid bilayer bound to spike protein of SARS-CoV-2 using steered molecular dynamics simulation,2fcae36cdfffcfcbf6cb8b47def68242921394fa
"Synthesis, molecular docking, and in silico ADMET studies of 4-ben- zyl-1-(2,4,6-trimethyl-benzyl)-piperidine: Potential Inhibitor of SARS-CoV2",0aacb004a21c1a7a24c0a512e198418e48259aba
"Synthesis, molecular docking, and in silico ADMET studies of 4-ben- zyl-1-(2,4,6-trimethyl-benzyl)-piperidine: Potential Inhibitor of SARS-CoV2",0aacb004a21c1a7a24c0a512e198418e48259aba
"Structure-Activity Relationship and Molecular Docking of a Kunitz-Like Trypsin Inhibitor, Kunitzin-AH, from the Skin Secretion of Amolops hainanensis",331362eb59a82fbed05bf656c757331b79938f12
"Effect of mutation on structure, function and dynamics of receptor binding domain of human SARS-CoV-2 with host cell receptor ACE2: a molecular dynamics simulations study",0b4e12da9401f33ffc715ff4f79e187ef00ee59d
Prospecting for Cressa cretica to treat COVID-19 via in silico molecular docking models of the SARS-CoV-2 chemical substances according to regulation; CoMPARA: Collaborative modeling project for androgen receptor activity; IRFMN: Oestrogen receptor relative binding affinity model; ADI: Applicability domain index; WHO: World Health Organization; SDF: Spatial data file,1030165108c68177abbfb2ff01b5241882670738
Computational assessment of select antiviral phytochemicals as potential SARS-Cov-2 main protease inhibitors: molecular dynamics guided ensemble docking and extended molecular dynamics,329228135ecbea01f00fae2ea8895c0f9e47ed45
Proposition of a new allosteric binding site for potential SARS-CoV-2 3CL protease inhibitors by utilizing molecular dynamics simulations and ensemble docking,115d0774bf9e1d34ea402179e24a0c690f537be7
"Targeting SARS-CoV-2 main protease by teicoplanin: a mechanistic insight by docking, MM/GBSA and molecular dynamics simulation",1003849ed527cb6260c97972d398a5eaf66dd4ca
Molecular docking simulation reveals ACE2 polymorphisms that may increase the affinity of ACE2 with the SARS-CoV-2 Spike protein,0ea339548480ba625dd8ef356cd384c6fd82f9d5
"Molecular dynamics-derived conformation and intramolecular interaction analysis of the Af-acetyl-9-O-acetylneuraminic acid-containing ganglioside G Dla and NMR-based analysis of its binding to a human polyclonal immunoglobulin G fraction with selectivity for O-acetylated sialic acids The influence of 9-O-acetylation of G Dla , yielding G Dla",1e7eb016764aeb8502c65f290752e6e57b0ba647
Unraveling the unbinding pathways of SARS- CoV-2 Papain-like proteinase known inhibitors by Supervised Molecular Dynamics simulation,15395890ce4fc64f6f9741c9ae7cbdc015e5824d
"A Novel Multi-Epitopic Peptide Vaccine Candidate Against Helicobacter pylori: In-Silico Identification, Design, Cloning and Validation Through Molecular Dynamics",1a02051d769934f9769174d8b686bb879ff2425c
SARS-CoV-2 spike protein unlikely to bind to integrins via the Arg-Gly-Asp (RGD) motif of the Receptor Binding Domain: evidence from structural analysis and microscale accelerated molecular dynamics,15dfa79ffff066ac3ec6483d4f9301a1a390832a
"Predictive modeling by deep learning, virtual screening and molecular dynamics study of natural compounds against SARS-CoV-2 main protease",1df4d00fc76da33658ae7e6920bc25371be655a9
Identification of doxorubicin as a potential therapeutic against SARS-CoV-2 (COVID-19) protease: a molecular docking and dynamics simulation studies,253a6c9e315ae065b5e22a8baf278f6d7d2a9d7e
Pharmacoinformatics and molecular dynamics simulation studies reveal potential covalent and FDA-approved inhibitors of SARS-CoV-2 main protease 3CL pro,0ea05ffbfc4e220743e02b8c7b0d66f88138474b
"Computational search for drug repurposing to identify potential inhibitors against SARS-COV-2 using Molecular Docking, QTAIM and IQA methods in viral Spike protein -Human ACE2 interface",07d24c7c923a813b8150c79a08df2302fa24286a
"Phytochemicals from Selective Plants Have Promising Potential against SARS-CoV-2: Investigation and Corroboration through Molecular Docking, MD Simulations, and Quantum Computations",2b1d894fe6b8d2b3528759f4b20e71e019f30b1c
Investigation of the effect of temperature on the structure of SARS-Cov-2 Spike Protein by Molecular Dynamics Simulations,2fcdeae9e345742f6b84f4b2d0cfb4e8a5087438
"Possibility of HIV-1 protease inhibitors-clinical trial drugs as repurposed drugs for SARS-CoV-2 main protease: a molecular docking, molecular dynamics and binding free energy simulation study",0438a5f124948475ed46fd5530472f3cac2a8486
"Possibility of HIV-1 protease inhibitors-clinical trial drugs as repurposed drugs for SARS-CoV-2 main protease: a molecular docking, molecular dynamics and binding free energy simulation study",0438a5f124948475ed46fd5530472f3cac2a8486
"Identification of phytocompounds from Houttuynia cordata Thunb. as potential inhibitors for SARS-CoV-2 replication proteins through GC-MS/LC-MS characterization, molecular docking and molecular dynamics simulation Graphic abstract Keywords SARS-CoV-2 proteins · Houttuynia cordata · Inhibitor phytocompounds · GC-MS/LC-MS · Molecular docking · Molecular dynamics",046b3ad0ca5ae02dd3c0bd6cce39b5db48108426
"Identification of phytocompounds from Houttuynia cordata Thunb. as potential inhibitors for SARS-CoV-2 replication proteins through GC-MS/LC-MS characterization, molecular docking and molecular dynamics simulation Graphic abstract Keywords SARS-CoV-2 proteins · Houttuynia cordata · Inhibitor phytocompounds · GC-MS/LC-MS · Molecular docking · Molecular dynamics",046b3ad0ca5ae02dd3c0bd6cce39b5db48108426
Novel hybrid antiviral VTRRT-13V2.1 against SARS-CoV2 main protease: retro-combinatorial synthesis and molecular dynamics analysis,29c60071decb21faa080597118f1475e326ff863
Evaluation of green tea polyphenols as novel corona virus (SARS CoV-2) main protease (Mpro) inhibitors -an in silico docking and molecular dynamics simulation study,1392b92d30659b1e84b4760804468acfcd3e6920
Computational basis of SARS-CoV 2 main protease inhibition: an insight from molecular dynamics simulation based findings,0b317159a4e31b68e1fcf0d0ba825c7049161713
"Potential drugs against COVID-19 revealed by gene expression profile, molecular docking and molecular dynamic simulation",23773a92e202b35b5a4187d556d0a4f63394d05e
"Potential drugs against COVID-19 revealed by gene expression profile, molecular docking and molecular dynamic simulation",23773a92e202b35b5a4187d556d0a4f63394d05e
Anti-tyrosinase and Anti-butyrylcholinesterase Quinolines-Based Coumarin Derivatives: Synthesis and Insights from Molecular Docking Studies,147a01b23963996e8d203e19b4aac58bfb7ec90e
S494 O-glycosylation site on the SARS-CoV-2 RBD affects the virus affinity to ACE2 and its infectivity; a molecular dynamics study,25674ff47972571b12bd4845872740c71c8599be
Network Pharmacology Integrated Molecular Docking Reveals the Mechanism of Anisodamine Hydrobromide Injection against Novel Coronavirus Pneumonia,212249720993818d88827ecfe307e984f873547d
"The application of in silico experimental model in the assessment of ciprofloxacin and levofloxacin interaction with main SARS-CoV-2 targets: S-, E-and TMPRSS2 proteins, RNA-dependent RNA polymerase and papain-like protease (PLpro)-preliminary molecular docking analysis Keywords Fluoroquinolones · E protein · S protein · TMPRSS2 protein · RNA-dependent RNA polymerase · Papain-like protease (PL PRO )",062142e18d64f00adc8ff2eca9e2b4147a14d369
Expression of BMP2-Hydrophobin fusion protein in the tobacco plant and molecular dynamic evaluation of its simulated model,334836db1d315edaa2a079082efc88bf437ffb48
Comparative molecular investigation of the potential inhibitors against SARS- CoV-2 main protease: a molecular docking study,18c721b3671baeddb7cdf3bdc338bab4955be085
Three-Dimensional Model of a Substrate-Bound SARS Chymotrypsin-Like Cysteine Proteinase Predicted by Multiple Molecular Dynamics Simulations: Catalytic Efficiency Regulated by Substrate Binding,0a0571a18973e6198245c720980385ce77c7a153
"Identification of natural inhibitors against Mpro of SARS-CoV-2 by molecular docking, molecular dynamics simulation, and MM/PBSA methods",0b0096c83d11ac2275dcc55db23313fc53a7aea6
"Identification of natural inhibitors against Mpro of SARS-CoV-2 by molecular docking, molecular dynamics simulation, and MM/PBSA methods",0b0096c83d11ac2275dcc55db23313fc53a7aea6
Human coronavirus OC43 3CL protease and the potential of ML188 as a broad-spectrum lead compound: Homology modelling and molecular dynamic studies,03fa4232b3fbc44b6029d52c3120f4e82fdc49c0
Journal Pre-proof Evaluation of drug repositioning by molecular docking of pharmaceutical resources available in the Brazilian healthcare system against SARS-CoV-2 Evaluation of drug repositioning by molecular docking of pharmaceutical resources 1 available in the Brazilian healthcare system against SARS-CoV-2 2,0816d58633d30b45bf7d74b1172bd315cdf52e94
Network pharmacology and molecular docking study on the active ingredients of qidengmingmu capsule for the treatment of diabetic retinopathy,2b54c1a1dbe5fa9446b45ae8dc4aa0e4934f2166
Severe Acute Respiratory Syndrome Coronavirus 3C-like Proteinase N Terminus Is Indispensable for Proteolytic Activity but Not for Enzyme Dimerization BIOCHEMICAL AND THERMODYNAMIC INVESTIGATION IN CONJUNCTION WITH MOLECULAR DYNAMICS SIMULATIONS*□ S,03bcc0606a09e777468bf6576e0df011a56e87ae
Severe Acute Respiratory Syndrome Coronavirus 3C-like Proteinase N Terminus Is Indispensable for Proteolytic Activity but Not for Enzyme Dimerization BIOCHEMICAL AND THERMODYNAMIC INVESTIGATION IN CONJUNCTION WITH MOLECULAR DYNAMICS SIMULATIONS*□ S,03bcc0606a09e777468bf6576e0df011a56e87ae
Journal Pre-proof Proposal of novel natural inhibitors of severe acute respiratory syndrome coronavirus 2 main protease: Molecular docking and ab initio fragment molecular orbital calculations,2394a54fa6580643dcc71afae6e5cbf2a4d5ff6f
Structure of coronavirus main proteinase reveals combination of a chymotrypsin fold with an extra α-helical domain,PMC126080
Population-based meta-analysis of chloroquine: informing chloroquine pharmacokinetics in COVID-19 patients,271f2337f1fc8a9e3811246388ef616ae373d978
Quercetin as a potential treatment for COVID-19-induced acute kidney injury: Based on network pharmacology and molecular docking study,32dd064eb3a2e846089725e9d708b8d0ee01261a
Journal Pre-proof In silico investigation on the inhibitory effect of fungal secondary metabolites on RNA dependent RNA polymerase of SARS-CoV-II: A docking and molecular dynamic simulation study In silico investigation on the inhibitory effect of fungal secondary metabolites on RNA dependent RNA polymerase of SARS-CoV-II: A docking and molecular dynamic simulation study,2bcf4458fb8dbb90230ce8b99476773141126cf0
Plant-derived antiviral drugs as novel hepatitis B virus inhibitors: Cell culture and molecular docking study,2c602e06cc01660017717021bf172b821491700e
Pharmacokinetics and Monte Carlo Dosing Simulations of Imipenem in Critically Ill Patients with Life-Threatening Severe Infections During Support with Extracorporeal Membrane Oxygenation,1ec29595bad40256060cf5113ac4aec1f8a7fb59
"Molecular docking, molecular dynamics, and in vitro studies reveal the potential of angiotensin II receptor blockers to inhibit the COVID-19 main protease",020d0dce89fe3475e56a42dffa61476d1588c7f4
"Molecular docking, molecular dynamics, and in vitro studies reveal the potential of angiotensin II receptor blockers to inhibit the COVID-19 main protease",020d0dce89fe3475e56a42dffa61476d1588c7f4
"Journal Pre-proof DFT studies on vibrational and electronic spectra, HOMO-LUMO, MEP, HOMA, NBO and molecular docking analysis of benzyl-3-N-(2,4,5- trimethoxyphenylmethylene)hydrazinecarbodithioate",2d2b46132a033c69f04c8d0b5f31a333f083dd80
"Journal Pre-proof Sterenin M as a potential inhibitor of SARS-CoV-2 main protease identified from MeFSAT database using molecular docking, molecular dynamics simulation and binding free energy calculation Rohit Patel (ORCID: 0000-0002-7077-4218)",185b5fdcf04d7f3c4d14ede70fc22ce7037d90dd
"Journal Pre-proof Sterenin M as a potential inhibitor of SARS-CoV-2 main protease identified from MeFSAT database using molecular docking, molecular dynamics simulation and binding free energy calculation Rohit Patel (ORCID: 0000-0002-7077-4218)",185b5fdcf04d7f3c4d14ede70fc22ce7037d90dd
ONLINE CHANGE POINT DETECTION IN MOLECULAR DYNAMICS WITH OPTICAL RANDOM FEATURES TECHNICAL REPORT,332908c3c1b1a046532631768407252d33f9ff5f
Prioritisation of potential anti-SARS-CoV-2 drug repurposing opportunities based on ability to achieve adequate plasma and target site concentrations derived from their established human pharmacokinetics,22282e43cb8ab72b3a4bdafae7fabdb9c0fa18fc
Safety and Pharmacokinetics of Intranasally Administered Heparin,1d1ced441c0d2bb06adacbb215bfe71df7cb859c
Inhibitory capacity of chloroquine against SARS-COV-2 by effective binding with angiotensin converting enzyme-2 receptor: An insight from molecular docking and MD-simulation studies,20e3073f6a2712a2f3e262468aef096a58720047
Journal Pre-proofs Molecular Docking and ADMET Study of Bioactive Compounds of Glycyr- rhiza glabra Against Main Protease of SARS-CoV2 Molecular Docking and ADMET Study of Bioactive Compounds of Glycyrrhiza glabra Against Main Protease of SARS-CoV2,0a22e8043142bf76288c3a9810df5a1938feae46
Journal Pre-proofs Molecular Docking and ADMET Study of Bioactive Compounds of Glycyr- rhiza glabra Against Main Protease of SARS-CoV2 Molecular Docking and ADMET Study of Bioactive Compounds of Glycyrrhiza glabra Against Main Protease of SARS-CoV2,0a22e8043142bf76288c3a9810df5a1938feae46
"DFT, Molecular Docking and Molecular Dynamics Simulation Studies on Some Newly Introduced Natural Products for Their Potential Use Against SARS-CoV-2",2f7eb2030717e057d4fef6a87c1027323de45572
"DFT, Molecular Docking and Molecular Dynamics Simulation Studies on Some Newly Introduced Natural Products for Their Potential Use Against SARS-CoV-2",2f7eb2030717e057d4fef6a87c1027323de45572
Molecular docking and dynamics study of natural compound for potential inhibition of main protease of SARS-CoV-2,0833c1187dfbd67bc142195c751ac4a633bb4558
Journal Pre-proof Inhibitory efficiency of potential drugs against SARS-CoV-2 by blocking human angiotensin converting enzyme-2: Virtual screening and molecular dynamics study,154d76e3eed6f266a849a84771614dceb4cf2eb6
Journal Pre-proofs Xanthene based Hybrid Analogues to inhibit protease of Novel Corona Virus: Molecular docking and ADMET studies Xanthene based Hybrid Analogues to inhibit protease of Novel Corona Virus: Molecular docking and ADMET studies,1439025cd636c7bd2e35f9ca4cedabce82ed5b10
Journal Pre-proofs Xanthene based Hybrid Analogues to inhibit protease of Novel Corona Virus: Molecular docking and ADMET studies Xanthene based Hybrid Analogues to inhibit protease of Novel Corona Virus: Molecular docking and ADMET studies,1439025cd636c7bd2e35f9ca4cedabce82ed5b10
Pharmacokinetics of the Antiviral Lectin Griffithsin Administered by Different Routes Indicates Multiple Potential Uses,2a246ea75b64133cf7210fa8971a6d43917da132
Computational screening of antagonist against the SARS-CoV-2 (COVID-19) coronavirus by molecular docking,1e8f96e147d2c40bf7f5448cc810e3f6d64ac7e2
"Safety and Pharmacokinetics of Intravenous Zanamivir Treatment in Hospitalized Adults With Influenza: An Open-label, Multicenter, Single-Arm, Phase II Study",0bc0686cfdd5c500fd915b83aec16a6947446754
RE SE ARC H ART ICLE Quantitative structure-activity relationship and molecular docking revealed a potency of anti-hepatitis C virus drugs against human corona viruses,142699ba5f2be90b66f9e95fa87e9d8029fddc1e
Journal Pre-proof Interaction of the prototypical ␣-ketoamide inhibitor with the SARS-CoV-2 main protease active site in silico: Molecular dynamic simulations highlight the stability of the ligand-protein complex Interaction of the prototypical α-ketoamide inhibitor with the SARS-CoV-2 main protease active site in silico: Molecular dynamic simulations highlight the stability of the ligand-protein complex Running (short) title: SARS-CoV-2 and α-ketoamide,2d2af6664f7050b2dfb0b708b6aefa15fff3a620
Supporting Information for: Molecular Dynamics Reveals Complex Compensatory Effects of Ionic Strength on the Severe Acute Respiratory Syndrome Coronavirus 2 Spike/human Angiotensin-Converting Enzyme 2 Interaction Running title: Effects of NaCl concentration on the spike-ACE-2 interface,0f0321e0f389df3ec8a6f0ea38ca291993106394
"Nelfinavir was predicted to be a potential inhibitor of 2019-nCov main protease by an integrative approach combining homology modelling, molecular docking and binding free energy calculation",06a1002f9fbea7179ac3572843f66b14568af6e4
Discovery of Keap1−Nrf2 small−molecule inhibitors from phytochemicals based on molecular docking,01b5d50e48a2148c4c3d1abdf3f3bb585b744f8d
Journal Pre-proofs Natural RNA Dependent RNA Polymerase Inhibitors: Molecular Docking Studies of Some Biologically Active Alkaloids of Argemone mexicana Natural RNA Dependent RNA Polymerase Inhibitors: Molecular Docking Studies of Some Biologically Active Alkaloids of Argemone mexicana,2a0e9d04a297b44fccb0a3bc20b8e94338ac9cb5
Journal Pre-proof A molecular docking study of potential inhibitors and repurposed drugs against SARS- CoV-2 Main Protease enzyme A molecular docking study of potential inhibitors and repurposed drugs against SARS- CoV-2 Main Protease enzyme,233ca3d7a26621579bafc3d5a8657291a7d1c5ed
Open Boundary Modeling in Molecular Dynamics with Machine Learning,23104d5c626e09ee38a51ab54b346a584a1c49fc
In silico ADMET and molecular docking study on searching potential inhibitors from limonoids and triterpenoids for COVID-19,2051f6d15baa130cf6ac28ed49ed360fb9864c78
In silico ADMET and molecular docking study on searching potential inhibitors from limonoids and triterpenoids for COVID-19,2051f6d15baa130cf6ac28ed49ed360fb9864c78
"Virtual screening, molecular docking studies and DFT calculations of FDA approved compounds similar to the non-nucleoside reverse transcriptase inhibitor (NNRTI) efavirenz",0411d5131a66cc753f60eef7cde805ceb7b4dd36
"Phase 1 safety and pharmacokinetics studies of BRII-196 and BRII-198, SARS- CoV-2 spike-targeting monoclonal antibodies 2 3",01d2342376daab122fb9224ed52065a7a65ecd76
Screening of potential drug from Azadiractha Indica (Neem) extracts for SARS-CoV-2: An insight from molecular docking and MD-simulation studies Screening of potential drug from Azadiractha Indica (Neem) extracts for SARS-CoV-2: An insight from molecular docking and MD-simulation studies,02a2e8cc0ca9b54fe004eabd219ecc80f66f215d
STRUCTURE AND DYNAMICS OF SARS CORONAVIRUS MAIN PROTEINASE (M pro ),09cc1d654aeecb5c98853b3e01c417e7d896629c
Evaluation of Peppermint Leaf Flavonoids as SARS-CoV-2 Spike Receptor-Binding Domain Attachment Inhibitors to the Human ACE2 Receptor: A Molecular Docking Study,1d6a29dc2a89a5fd032cbfc4c4076b0073bd3a36
"molecules Antimalarial Activity of 4-Metoxychalcones: Docking Studies as Falcipain/Plasmepsin Inhibitors, ADMET and Lipophilic Efficiency Analysis to Identify a Putative Oral Lead Candidate",1455bb070334751379d26c7c161a1f17b8d07a0c
Pharmacokinetics of remdesivir and GS-441524 in two critically ill patients who recovered from COVID-19,00976e53faeb53b38f9eed19aee61cd1aec302a7
"Journal Pre-proofs Computational selection of flavonoid compounds as inhibitors against SARS- CoV-2 main protease, RNA-dependent RNA polymerase and spike proteins: A molecular docking study",10a5bbde6490bf6c1ff86a74e2a0a0de7238d423
Subcutaneous meloxicam suspension pharmacokinetics in mice and dose considerations for postoperative analgesia,00861dcfe2570c044690f6a6e2d8375a08ff4d9f
"3CLpro and PLpro affinity, a docking study to fight COVID19 based on 900 compounds from PubChem and literature. Are there new drugs to be found? Putative docking poses of five best scoring compounds against each protein: Tables S2A-S2C 4 Time plot evolutions of the number of H-bonds during molecular dynamics (MD) simulations: Figures S1A-S1B 8 H-bonds identifications and occupancies during MD simulations: Tables S3A-S3E and S4A-S4E 9 Time plot evolutions of values of binding free energies during MD simulations: Figures S2A-S2B 12 Docking pose of Suramine in 6WZU PLpro structure: Figure S3 14",032a4bce35dc11c6aefd67063511e369a194db31
Molecular dynamic simulations analysis of ritronavir and lopinavir as SARS-CoV 3CL pro inhibitors,1a676a64141be5918e0c3081f274ba1f5d13a7be
"Cytotoxicity, anti-microbial studies of M (II)-dithiocarbamate complexes, and molecular docking study against SARS COV2 RNA-dependent RNA polymerase",0062f23b9f18fcf393de4771596495e7e7602c47
ScienceDirect ScienceDirect Effect of Velocity and Impact Angle on Residual Stress Generation in Cold Spray Process -A Molecular Dynamics Simulation Study-NC-ND license (http://creativecommons.org/licenses/by-nc-nd/3.0/) Peer-review under responsibility of the Scientific Committee of NAMRI/SME,0c0e55546d09fe961a3dd37718477c88866b65aa
The molecular dynamics of feline coronaviruses,2a392cc4f20293ca7ca902d20b9f9e33bad1ab64
Fighting COVID-19 Using Molecular Dynamics Simulations Author Information Corresponding Author,2405a9630099e3aa093492ef87dabd2014972da8
Journal Pre-proof In silico molecular docking analysis for repurposing therapeutics against multiple proteins from SARS-CoV-2 Credit Author statement In Silico molecular docking analysis for repurposing therapeutics against multiple proteins from SARS-CoV-2 2 3 Arpita Pandey Tiwari Department of stem cell and Regenerative medicine,10066048c64d6e0f510a99476d41f0ef6abf6a1d
ChemMedChem Supporting Information Inspecting the Mechanism of Fragment Hits Binding on SARS-CoV-2 M pro by Using Supervised Molecular Dynamics (SuMD) Simulations,0e4df9b309def9e122e74e46b32427744d83ad75
Generation of predictive pharmacophore model for SARS-coronavirus main proteinase,1329bb2f949e7492524cf560b1f96ee1d7220eed
Journal Pre-proof Molecular docking and dynamic simulations for antiviral compounds against SARS- CoV-2: A computational study Molecular docking and dynamic simulations for antiviral compounds against SARS-CoV-2: a computational study,16bcf84a8bba5f5cba3e6fc34833960345c42d12
A search for medications to treat COVID-19 via in silico molecular docking models of the SARS-CoV-2 spike glycoprotein and 3CL protease,12218660b0511e7278869986ad698c147c8017c1
"Crystal structure and molecular docking study of (E)-2-{[(E)-2-hydroxy-5-methylbenzylidene]- hydrazinylidene}-1,2-diphenylethan-1-one",2acba92a1e74f4fe89b415083124bf5c8fd459fc
"Title: First-in-human randomized trial to assess safety, tolerability, pharmacokinetics and pharmacodynamics of the KDM1A inhibitor vafidemstat Short Title: First-in-Human of KDM1A inhibitor vafidemstat",0b017b7e4de79113bbb19dccc279a4f8492ad7ff
Lopinavir pharmacokinetics in COVID-19 patients,0d4d4ed032bc3090bb2de0fdf43405567b77e267
Calotropin from milk of Calotropis gigantean a potent inhibitor of COVID 19 corona virus infection by Molecular docking studies,0416bac2827c8c01ddb3487c3ea5654451c63968
Journal Pre-proof Investigating the potential antiviral activity drugs against SARS- CoV-2 by molecular docking simulation Investigating the potential antiviral activity drugs against SARS-CoV-2 by molecular docking simulation,12ed964ee4d0a569ea933b65ceb3b8b64632e77d
Structure of the SARS coronavirus main proteinase as an active C2 crystallographic dimer,PMC1978130
"Supplementary material for: Diffusivity of α-, β-, γ-cyclodextrin and the Inclusion Complex of β-cyclodextrin:Ibuprofen in Aqueous Solutions; A Molecular Dynamics Simulation Study",30c2f635c83975f5947f7a61b1e78af986071fc1
"Anti-COVID-19 terpenoid from marine sources: a docking, ADMET and molecular dynamics study",20ca966aeae044951a4f6c441dc5c40d1d5f6aeb
"Anti-COVID-19 terpenoid from marine sources: a docking, ADMET and molecular dynamics study",20ca966aeae044951a4f6c441dc5c40d1d5f6aeb
"Supplementary Material: Ligand-Based Virtual Screening, Molecular Docking, Molecular Dynamics and MM-PBSA Calculations towards the Identification of Potential Novel Ricin Inhibitors Molecule 1 Target 2 Precision Molecule 1 Target",2936afed55f2d1b5bb3cbcbe7da858b845774f78
"Supplementary Material: Ligand-Based Virtual Screening, Molecular Docking, Molecular Dynamics and MM-PBSA Calculations towards the Identification of Potential Novel Ricin Inhibitors Molecule 1 Target 2 Precision Molecule 1 Target",2936afed55f2d1b5bb3cbcbe7da858b845774f78
